tag,dataset,n_splits,task_type,coverage,coverage_pos,coverage_neg,mean_set_size,pct_ambiguous,pct_empty,n_tasks_scored,n,coverage_gap,mean_width,width_spread
desc,tox21,5,classification,0.900274620699346,0.9062588759237917,0.8998403373669641,1.4110171889244154,41.10171889244155,0.0,12.0,725.0,0.02746206993460021,,
desc,bbbp,5,classification,0.913170731707317,0.9294553430482033,0.8393563371418387,1.1219512195121952,12.19512195121951,0.0,1.0,205.0,1.3170731707317032,,
desc,clintox,5,classification,0.8952702702702704,0.8710737950371306,0.9173699158710601,1.5452702702702703,54.52702702702703,0.0,2.0,148.0,-0.47297297297295415,,
desc,esol,5,regression,0.8508771929824561,,,,,,,114.0,-4.9122807017543835,2.2147035265858763,8.881784197001253e-17
desc,lipophilicity,5,regression,0.8814285714285715,,,,,,,420.0,-1.8571428571428612,2.004252885285837,0.0
desc,bace,5,classification,0.8539473684210526,0.8609691673966571,0.8372839335831543,1.2289473684210526,22.894736842105267,0.0,1.0,152.0,-4.60526315789474,,
desc,sider,5,classification,0.9115740740740741,0.9267890441037009,0.8974601482945422,1.725308641975309,72.53086419753086,0.0,27.0,144.0,1.1574074074074048,,
desc,freesolv,5,regression,0.9015384615384617,,,,,,,65.0,0.15384615384617462,2.917780744479143,0.0
fuse_gated,tox21,5,classification,0.9013956333504674,0.8880503582029773,0.9017640221217833,1.4020880447840773,40.20880447840774,0.0,12.0,725.0,0.13956333504673069,,
fuse_gated,bbbp,5,classification,0.9160975609756097,0.9198706470730187,0.8924313323220969,1.0575609756097561,5.7560975609756095,0.0,1.0,205.0,1.609756097560961,,
fuse_gated,clintox,5,classification,0.9216216216216215,0.9491635355895577,0.9531960393831103,1.3013513513513513,30.60810810810811,0.47297297297297297,2.0,148.0,2.162162162162147,,
fuse_gated,esol,5,regression,0.8228070175438595,,,,,,,114.0,-7.719298245614041,2.3447722145555296,2.220446049250313e-16
fuse_gated,lipophilicity,5,regression,0.8742857142857143,,,,,,,420.0,-2.5714285714285694,2.0760290877942795,0.0
fuse_gated,bace,5,classification,0.894736842105263,0.9216601174935066,0.858944605591182,1.3342105263157895,33.421052631578945,0.0,1.0,152.0,-0.5263157894736992,,
fuse_gated,sider,5,classification,0.906327160493827,0.9043208452955291,0.9056026402594801,1.734722222222222,73.47222222222221,0.0,27.0,144.0,0.6327160493826938,,
fuse_gated,freesolv,5,regression,0.8984615384615384,,,,,,,65.0,-0.1538461538461604,3.4154616469982786,0.0
fuse_gated_nograph,tox21,5,classification,0.8978100015187523,0.8843874521310514,0.8988362671078063,1.3976046709253345,39.76046709253343,0.0,12.0,725.0,-0.21899984812476703,,
fuse_gated_nograph,bbbp,5,classification,0.9160975609756097,0.9193017613194554,0.8879767997642874,1.0321951219512195,3.8048780487804876,0.5853658536585367,1.0,205.0,1.609756097560961,,
fuse_gated_nograph,clintox,5,classification,0.9277027027027028,0.9501980647275909,0.9448798743421168,1.2972972972972971,30.87837837837838,1.1486486486486487,2.0,148.0,2.770270270270288,,
fuse_gated_nograph,esol,5,regression,0.7807017543859649,,,,,,,114.0,-11.929824561403507,2.0962243935937597,1.3322676295501878e-16
fuse_gated_nograph,lipophilicity,5,regression,0.8823809523809525,,,,,,,420.0,-1.761904761904745,2.0254113992478935,0.0
fuse_gated_nograph,bace,5,classification,0.8657894736842107,0.9094241606792366,0.8173365945948771,1.2197368421052632,21.973684210526315,0.0,1.0,152.0,-3.421052631578931,,
fuse_gated_nograph,sider,5,classification,0.9030349794238683,0.9086240787246597,0.900455367963038,1.7161008230452677,71.61008230452674,0.0,27.0,144.0,0.3034979423868407,,
fuse_gated_nograph,freesolv,5,regression,0.8923076923076924,,,,,,,65.0,-0.7692307692307594,2.7806953182501686,0.0
fuse_proposed_gpu,tox21,5,classification,0.8968396868301067,0.9013778013736937,0.8966181445772884,1.4210282067863946,42.10282067863947,0.0,12.0,725.0,-0.3160313169893243,,
fuse_proposed_gpu,bbbp,5,classification,0.9082926829268292,0.9224596675850355,0.8420606305313356,1.0185365853658537,2.731707317073171,0.878048780487805,1.0,205.0,0.8292682926829116,,
fuse_proposed_gpu,clintox,5,classification,0.9175675675675675,0.8921070392582399,0.9159930227836405,1.1952702702702702,20.675675675675677,1.1486486486486487,2.0,148.0,1.756756756756758,,
fuse_proposed_gpu,esol,5,regression,0.8210526315789473,,,,,,,114.0,-7.894736842105274,2.221861721057482,1.7763568394002506e-16
fuse_proposed_gpu,lipophilicity,5,regression,0.8885714285714286,,,,,,,420.0,-1.1428571428571388,2.073615673667109,0.0
fuse_proposed_gpu,bace,5,classification,0.8578947368421053,0.9005053686279144,0.8095482630123811,1.1763157894736842,17.63157894736842,0.0,1.0,152.0,-4.21052631578948,,
fuse_proposed_gpu,sider,5,classification,0.9099794238683128,0.9142080740229149,0.9129240243826239,1.74619341563786,74.61934156378602,0.0,27.0,144.0,0.9979423868312836,,
fuse_proposed_gpu,freesolv,5,regression,0.8892307692307695,,,,,,,65.0,-1.0769230769230518,2.807053654194423,0.0
fuse_concat_gpu,tox21,5,classification,0.8984970836933096,0.8887410363706028,0.8993938789554802,1.420984040437998,42.09840404379981,0.0,12.0,725.0,-0.15029163066904516,,
fuse_concat_gpu,bbbp,5,classification,0.9063414634146343,0.9125570746536276,0.8848692849685899,1.0614634146341464,6.536585365853659,0.3902439024390244,1.0,205.0,0.6341463414634347,,
fuse_concat_gpu,clintox,5,classification,0.9324324324324325,0.9255616562698004,0.9445512238418416,1.2074324324324324,21.824324324324326,1.0810810810810811,2.0,148.0,3.243243243243242,,
fuse_concat_gpu,esol,5,regression,0.8421052631578949,,,,,,,114.0,-5.789473684210506,2.4076489850892444,8.881784197001253e-17
fuse_concat_gpu,lipophilicity,5,regression,0.8880952380952382,,,,,,,420.0,-1.1904761904761898,2.04584697323902,0.0
fuse_concat_gpu,bace,5,classification,0.8526315789473685,0.8892530148329765,0.8103668814709126,1.186842105263158,18.684210526315788,0.0,1.0,152.0,-4.73684210526315,,
fuse_concat_gpu,sider,5,classification,0.921656378600823,0.9168016661046071,0.9310870410117887,1.8029835390946503,80.29835390946502,0.0,27.0,144.0,2.165637860082299,,
fuse_concat_gpu,freesolv,5,regression,0.9015384615384615,,,,,,,65.0,0.1538461538461462,3.260289936617869,0.0
fuse_xattn_gpu,tox21,5,classification,0.9013713483105716,0.8961074614489553,0.9015853633508056,1.4164959478498385,41.64959478498386,0.0,12.0,725.0,0.13713483105716762,,
fuse_xattn_gpu,bbbp,5,classification,0.9092682926829267,0.9332719714957316,0.807971961834921,1.031219512195122,3.1219512195121952,0.0,1.0,205.0,0.9268292682926784,,
fuse_xattn_gpu,clintox,5,classification,0.9087837837837839,0.9240507174405618,0.9293322131508631,1.2344594594594593,24.527027027027025,1.0810810810810811,2.0,148.0,0.8783783783783861,,
fuse_xattn_gpu,esol,5,regression,0.8508771929824561,,,,,,,114.0,-4.9122807017543835,2.333196382507131,2.6645352591003756e-16
fuse_xattn_gpu,lipophilicity,5,regression,0.8861904761904761,,,,,,,420.0,-1.3809523809523938,2.0785362266315675,0.0
fuse_xattn_gpu,bace,5,classification,0.85,0.86884901465359,0.8194633970429137,1.1828947368421052,18.289473684210527,0.0,1.0,152.0,-5.0,,
fuse_xattn_gpu,sider,5,classification,0.9055041152263374,0.888580499979868,0.9453320022766052,1.7867283950617285,78.67283950617283,0.0,27.0,144.0,0.5504115226337376,,
fuse_xattn_gpu,freesolv,5,regression,0.9046153846153846,,,,,,,65.0,0.4615384615384528,2.9656746898315447,0.0
fuse_bilinear_gpu,tox21,5,classification,0.9037926883890502,0.8853016460748936,0.9052425934433819,1.400377839861091,40.03778398610912,0.0,12.0,725.0,0.37926883890501983,,
fuse_bilinear_gpu,bbbp,5,classification,0.9317073170731707,0.9357296379637432,0.9046685290875957,1.0721951219512196,7.414634146341465,0.1951219512195122,1.0,205.0,3.17073170731706,,
fuse_bilinear_gpu,clintox,5,classification,0.8945945945945946,0.9322039408785029,0.921951639131273,1.2141891891891892,23.851351351351347,2.4324324324324325,2.0,148.0,-0.5405405405405475,,
fuse_bilinear_gpu,esol,5,regression,0.8192982456140351,,,,,,,114.0,-8.070175438596493,2.2789079051069194,8.881784197001253e-17
fuse_bilinear_gpu,lipophilicity,5,regression,0.8833333333333334,,,,,,,420.0,-1.6666666666666572,2.0438510260470055,4.4408920985006264e-17
fuse_bilinear_gpu,bace,5,classification,0.8486842105263157,0.8795693703261683,0.8119280222852872,1.2026315789473685,20.26315789473684,0.0,1.0,152.0,-5.131578947368425,,
fuse_bilinear_gpu,sider,5,classification,0.9088477366255144,0.9061571650963443,0.9140306231632426,1.7440843621399178,74.40843621399176,0.0,27.0,144.0,0.8847736625514386,,
fuse_bilinear_gpu,freesolv,5,regression,0.8861538461538462,,,,,,,65.0,-1.3846153846153868,3.13707081961948,0.0
gin_ref_gpu,tox21,5,classification,0.8992093743001007,0.8701320043327853,0.9011237293330703,1.4177310872314564,41.77310872314562,0.0,12.0,725.0,-0.07906256998992944,,
gin_ref_gpu,bbbp,5,classification,0.8995121951219514,0.9184146270030205,0.8155056363695887,1.1082926829268294,10.829268292682926,0.0,1.0,205.0,-0.048780487804862105,,
gin_ref_gpu,clintox,5,classification,0.9101351351351351,0.8867768964938012,0.9352427170676598,1.3675675675675676,36.75675675675676,0.0,2.0,148.0,1.0135135135135158,,
gin_ref_gpu,esol,5,regression,0.8578947368421052,,,,,,,114.0,-4.21052631578948,3.0859705975137084,8.881784197001253e-17
gin_ref_gpu,lipophilicity,5,regression,0.8823809523809525,,,,,,,420.0,-1.761904761904745,2.2476874360171792,0.0
gin_ref_gpu,bace,5,classification,0.881578947368421,0.908029535184205,0.8350616765183944,1.2842105263157895,28.42105263157895,0.0,1.0,152.0,-1.8421052631579045,,
gin_ref_gpu,sider,5,classification,0.9099279835390947,0.920628531145991,0.9102540155447432,1.7468106995884773,74.68106995884774,0.0,27.0,144.0,0.992798353909464,,
gin_ref_gpu,freesolv,5,regression,0.8400000000000001,,,,,,,65.0,-5.999999999999986,3.452601300132554,0.0
attentivefp,tox21,5,classification,0.9031231773361705,0.8821182995521883,0.904465479719726,1.4021385964257123,40.21385964257123,0.0,12.0,725.0,0.31231773361704995,,
attentivefp,bbbp,5,classification,0.9121951219512197,0.9237872801928813,0.8501598699215382,1.1726829268292682,17.26829268292683,0.0,1.0,205.0,1.2195121951219647,,
attentivefp,clintox,5,classification,0.9135135135135135,0.9289590779710831,0.946876990180766,1.3412162162162162,34.12162162162162,0.0,2.0,148.0,1.3513513513513544,,
attentivefp,esol,5,regression,0.8105263157894737,,,,,,,114.0,-8.94736842105263,2.17076605219861,0.0
attentivefp,lipophilicity,5,regression,0.8961904761904762,,,,,,,420.0,-0.3809523809523796,1.9801093298086017,0.0
attentivefp,bace,5,classification,0.8894736842105264,0.9146471386028056,0.8574730240361248,1.3263157894736843,32.631578947368425,0.0,1.0,152.0,-1.0526315789473557,,
attentivefp,sider,5,classification,0.891358024691358,0.8893354235546171,0.8961150356766965,1.739454732510288,73.9454732510288,0.0,27.0,144.0,-0.8641975308641889,,
attentivefp,freesolv,5,regression,0.923076923076923,,,,,,,65.0,2.3076923076923066,3.13085153570782,0.0
chemprop,tox21,5,classification,0.9058214624368718,0.9070157358495363,0.9059329749667,1.4438298506043619,44.382985060436205,0.0,12.0,725.0,0.5821462436871769,,
chemprop,bbbp,5,classification,0.8946341463414635,0.8934299417958144,0.8877075853639905,1.275121951219512,27.51219512195122,0.0,1.0,205.0,-0.5365853658536395,,
chemprop,clintox,5,classification,0.9033783783783784,0.9141753854156514,0.9147528904479705,1.391216216216216,39.12162162162162,0.0,2.0,148.0,0.3378378378378386,,
chemprop,esol,5,regression,0.882456140350877,,,,,,,114.0,-1.7543859649123021,2.4614462418391,5.329070518200751e-16
chemprop,lipophilicity,5,regression,0.8728571428571428,,,,,,,420.0,-2.7142857142857224,1.7986221775770868,3.108624468950438e-16
chemprop,bace,5,classification,0.8828947368421053,0.9322087042244647,0.825977766976591,1.3039473684210525,30.39473684210526,0.0,1.0,152.0,-1.7105263157894655,,
chemprop,sider,5,classification,0.9097222222222221,0.9223952506462603,0.8921229884219992,1.7516975308641978,75.16975308641976,0.0,27.0,144.0,0.9722222222222143,,
chemprop,freesolv,5,regression,0.9046153846153846,,,,,,,65.0,0.4615384615384528,5.433018252632286,1.7763568394002506e-16
rf,tox21,5,classification,0.8986582667849353,0.9113312947527664,0.8983934117855406,1.5154327507788097,51.543275077880956,0.0,12.0,725.0,-0.13417332150646644,,
rf,bbbp,5,classification,0.9199999999999999,0.9273891500303286,0.8919556874770379,1.2029268292682926,20.29268292682927,0.0,1.0,205.0,2.0,,
rf,clintox,5,classification,0.908108108108108,0.9224309545334852,0.9346598589561976,1.627702702702703,62.770270270270274,0.0,2.0,148.0,0.810810810810807,,
rf,esol,5,regression,0.8771929824561404,,,,,,,114.0,-2.2807017543859587,5.924776736366674,1.0658141036401502e-15
rf,lipophilicity,5,regression,0.8814285714285715,,,,,,,420.0,-1.8571428571428612,3.112302492017286,3.552713678800501e-16
gnn,tox21,5,classification,0.8993777557656898,0.8961682766315955,0.8992969525489984,1.4724373392799142,47.2437339279914,0.0,12.0,725.0,-0.06222442343101875,,
gnn,bbbp,5,classification,0.9229268292682926,0.9256132522564456,0.9013371236509272,1.2448780487804878,24.487804878048777,0.0,1.0,205.0,2.292682926829258,,
gnn,clintox,5,classification,0.9033783783783784,0.9044819889774466,0.9138793623318794,1.520945945945946,52.0945945945946,0.0,2.0,148.0,0.3378378378378386,,
gnn,esol,5,regression,0.9368421052631579,,,,,,,114.0,3.6842105263157947,3.951759195327759,0.0
gnn,lipophilicity,5,regression,0.8761904761904763,,,,,,,420.0,-2.3809523809523654,2.4315493583679197,0.0
trf,tox21,5,classification,0.9002620243736901,0.9000686625450431,0.9002423877707303,1.5183297507476703,51.832975074767035,0.0,12.0,725.0,0.02620243736900818,,
trf,bbbp,5,classification,0.8839024390243904,0.8777588370163742,0.9189079738533563,1.2702439024390244,27.024390243902438,0.0,1.0,205.0,-1.609756097560961,,
trf,clintox,5,classification,0.9358108108108107,0.9591259603532478,0.958092973748008,1.3533783783783786,35.33783783783784,0.0,2.0,148.0,3.5810810810810807,,
trf,esol,5,regression,0.9052631578947368,,,,,,,114.0,0.5263157894736707,4.896983909606933,0.0
trf,lipophilicity,5,regression,0.8961904761904762,,,,,,,420.0,-0.3809523809523796,3.568336296081543,0.0
hybrid,tox21,5,classification,0.9011528826491357,0.9045000186033061,0.9006080960551366,1.4694157815552304,46.94157815552306,0.0,12.0,725.0,0.11528826491357336,,
hybrid,bbbp,5,classification,0.9141463414634146,0.911984510162114,0.9142282775152687,1.231219512195122,23.121951219512194,0.0,1.0,205.0,1.4146341463414558,,
hybrid,clintox,5,classification,0.9067567567567568,0.9308535886026152,0.9335569355849677,1.2554054054054054,25.54054054054054,0.0,2.0,148.0,0.6756756756756772,,
hybrid,esol,5,regression,0.9350877192982455,,,,,,,114.0,3.5087719298245474,4.059229230880737,0.0
hybrid,lipophilicity,5,regression,0.8904761904761905,,,,,,,420.0,-0.952380952380949,2.328780937194824,0.0
ens,tox21,5,classification,0.8978200860411109,0.9030080972416048,0.8970165269970094,1.4434405619240815,44.34405619240815,0.0,12.0,725.0,-0.21799139588891592,,
ens,bbbp,5,classification,0.9092682926829267,0.9068567368130432,0.9094521863439441,1.217560975609756,21.75609756097561,0.0,1.0,205.0,0.9268292682926784,,
ens,clintox,5,classification,0.9358108108108107,0.9591259603532478,0.958092973748008,1.3533783783783786,35.33783783783784,0.0,2.0,148.0,3.5810810810810807,,
ens,esol,5,regression,0.9456140350877194,,,,,,,114.0,4.561403508771932,4.152983140945435,0.0
ens,lipophilicity,5,regression,0.8914285714285715,,,,,,,420.0,-0.8571428571428612,2.3409047603607176,0.0
