experiment,model,dataset,variant,first,second,abs_diff,threshold
device: CPU vs T4,gin_ref,tox21,deepchem,0.7290920810835617,0.744501362027567,0.015409280944005288,0.02
device: CPU vs T4,gin_ref,tox21,seed0,0.8432560852514898,0.8351209023735381,0.008135182877951674,0.02
device: CPU vs T4,gin_ref,tox21,seed1,0.7752412400587114,0.780233252594266,0.004992012535554591,0.02
device: CPU vs T4,gin_ref,tox21,seed2,0.7933620862539753,0.7766176073685723,0.01674447888540298,0.02
device: CPU vs T4,gin_ref,tox21,seed3,0.8270517353903787,0.8394803222869638,0.012428586896585103,0.02
device: CPU vs T4,gin_ref,tox21,seed4,0.8143649544258428,0.8236469074751348,0.009281953049292024,0.02
device: CPU vs T4,gin_ref,bbbp,deepchem,0.7018980633972445,0.7187590326621062,0.01686096926486169,0.02
device: CPU vs T4,gin_ref,bbbp,seed0,0.875496524329692,0.8896474677259185,0.014150943396226467,0.02
device: CPU vs T4,gin_ref,bbbp,seed1,0.92,0.903047619047619,0.016952380952381052,0.02
device: CPU vs T4,gin_ref,bbbp,seed2,0.8710999054522534,0.8395052001260637,0.03159470532618969,0.02
device: CPU vs T4,gin_ref,bbbp,seed3,0.9233283056812468,0.919683257918552,0.0036450477626948086,0.02
device: CPU vs T4,gin_ref,bbbp,seed4,0.9397458369851008,0.936678352322524,0.0030674846625767804,0.02
device: CPU vs T4,gin_ref,clintox,deepchem,0.8699223230111562,0.8712221527126125,0.0012998297014562565,0.02
device: CPU vs T4,gin_ref,clintox,seed0,0.9528597308488612,0.935539596273292,0.017320134575569246,0.02
device: CPU vs T4,gin_ref,clintox,seed1,0.8956521739130435,0.8942028985507247,0.0014492753623188692,0.02
device: CPU vs T4,gin_ref,clintox,seed2,0.8967013888888888,0.948784722222222,0.05208333333333315,0.02
device: CPU vs T4,gin_ref,clintox,seed3,0.8524216524216524,0.8783475783475783,0.025925925925925908,0.02
device: CPU vs T4,gin_ref,clintox,seed4,0.8852541802266861,0.8521448210077432,0.03310935921894287,0.02
device: CPU vs T4,gin_ref,bace,deepchem,0.8036231884057972,0.8047101449275362,0.0010869565217390686,0.02
device: CPU vs T4,gin_ref,bace,seed0,0.7584250043652873,0.7315348349921424,0.026890169373144812,0.02
device: CPU vs T4,gin_ref,bace,seed1,0.8476398760707126,0.8490978676872608,0.0014579916165482487,0.02
device: CPU vs T4,gin_ref,bace,seed2,0.8486793837123991,0.8338224504768892,0.014856933235509961,0.02
device: CPU vs T4,gin_ref,bace,seed3,0.8896103896103896,0.8896103896103896,0.0,0.02
device: CPU vs T4,gin_ref,bace,seed4,0.841038961038961,0.8083982683982684,0.03264069264069258,0.02
device: CPU vs T4,gin_ref,sider,deepchem,0.5867904301243774,0.5859801600757865,0.0008102700485909109,0.02
device: CPU vs T4,gin_ref,sider,seed0,0.6347470443871344,0.6321207981180197,0.0026262462691146737,0.02
device: CPU vs T4,gin_ref,sider,seed1,0.617785426259386,0.6259385557535588,0.008153129494172795,0.02
device: CPU vs T4,gin_ref,sider,seed2,0.6459636537778106,0.6485323420342293,0.0025686882564186497,0.02
device: CPU vs T4,gin_ref,sider,seed3,0.6263555251602781,0.6210866521033876,0.0052688730568904996,0.02
device: CPU vs T4,gin_ref,sider,seed4,0.5863653376400775,0.5828475527552788,0.0035177848847987025,0.02
device: CPU vs T4,gin_ref,esol,deepchem,1.1751303745674817,1.1610526031193074,0.014077771448174348,0.1
device: CPU vs T4,gin_ref,esol,seed0,1.6073840855972008,1.5160021260853953,0.0913819595118055,0.1
device: CPU vs T4,gin_ref,esol,seed1,1.1692990326700965,1.0827588793462826,0.08654015332381393,0.1
device: CPU vs T4,gin_ref,esol,seed2,0.9369098247769778,0.9074301729885776,0.029479651788400174,0.1
device: CPU vs T4,gin_ref,esol,seed3,0.9120115100573752,0.7571228259382401,0.15488868411913514,0.1
device: CPU vs T4,gin_ref,esol,seed4,0.9996573263867852,1.049204954657844,0.04954762827105874,0.1
device: CPU vs T4,gin_ref,lipophilicity,deepchem,0.7781472735437959,0.7454357624548078,0.032711511088988066,0.1
device: CPU vs T4,gin_ref,lipophilicity,seed0,0.9512424783277444,0.9368977887978198,0.014344689529924626,0.1
device: CPU vs T4,gin_ref,lipophilicity,seed1,0.6625332978155232,0.6870586844798025,0.02452538666427928,0.1
device: CPU vs T4,gin_ref,lipophilicity,seed2,0.7817469331957402,0.795575884674551,0.013828951478810803,0.1
device: CPU vs T4,gin_ref,lipophilicity,seed3,0.6861517923814251,0.6849067670998981,0.0012450252815270346,0.1
device: CPU vs T4,gin_ref,lipophilicity,seed4,0.6376554550771895,0.6547493078203526,0.017093852743163107,0.1
device: CPU vs T4,gin_ref,freesolv,deepchem,2.429133848623451,2.3120138693681853,0.11711997925526552,0.1
device: CPU vs T4,gin_ref,freesolv,seed0,1.5894502370909964,1.6746906667625436,0.08524042967154721,0.1
device: CPU vs T4,gin_ref,freesolv,seed1,1.9296164569111904,2.3809667113024817,0.4513502543912913,0.1
device: CPU vs T4,gin_ref,freesolv,seed2,1.2965355584952842,1.0758138207984125,0.22072173769687176,0.1
device: CPU vs T4,gin_ref,freesolv,seed3,1.6037141401807318,1.5279453333978954,0.07576880678283637,0.1
device: CPU vs T4,gin_ref,freesolv,seed4,1.2099453218660634,1.131613544563046,0.07833177730301744,0.1
device: CPU vs T4,fuse_concat,tox21,deepchem,0.7430043874977001,0.7419585786121637,0.0010458088855364034,0.02
device: CPU vs T4,fuse_concat,tox21,seed0,0.8160319265049419,0.8167991523800571,0.0007672258751151295,0.02
device: CPU vs T4,fuse_concat,tox21,seed1,0.79855846372535,0.8193816806910333,0.020823216965683344,0.02
device: CPU vs T4,fuse_concat,tox21,seed2,0.7942297622095521,0.7699054813369015,0.024324280872650594,0.02
device: CPU vs T4,fuse_concat,tox21,seed3,0.8482693178975663,0.833595561590688,0.014673756306878283,0.02
device: CPU vs T4,fuse_concat,tox21,seed4,0.826088882381709,0.8185758860404748,0.007512996341234146,0.02
device: CPU vs T4,fuse_concat,bbbp,deepchem,0.6825320358416032,0.718662684266307,0.036130648424703815,0.02
device: CPU vs T4,fuse_concat,bbbp,seed0,0.8974677259185699,0.9066534260178748,0.009185700099304861,0.02
device: CPU vs T4,fuse_concat,bbbp,seed1,0.9487619047619048,0.9533333333333334,0.00457142857142856,0.02
device: CPU vs T4,fuse_concat,bbbp,seed2,0.9566656161361486,0.9576110936022691,0.0009454774661205034,0.02
device: CPU vs T4,fuse_concat,bbbp,seed3,0.9653092006033184,0.9616641528406236,0.0036450477626948086,0.02
device: CPU vs T4,fuse_concat,bbbp,seed4,0.952965235173824,0.960268770084721,0.007303534910896969,0.02
device: CPU vs T4,fuse_concat,clintox,deepchem,0.9864968894449658,0.9899445660862616,0.0034476766412957494,0.02
device: CPU vs T4,fuse_concat,clintox,seed0,0.9414660973084886,0.96268115942029,0.021215062111801353,0.02
device: CPU vs T4,fuse_concat,clintox,seed1,0.9891304347826088,0.9833333333333334,0.005797101449275366,0.02
device: CPU vs T4,fuse_concat,clintox,seed2,0.9973958333333331,1.0,0.0026041666666668517,0.02
device: CPU vs T4,fuse_concat,clintox,seed3,0.9581196581196582,0.964957264957265,0.006837606837606813,0.02
device: CPU vs T4,fuse_concat,clintox,seed4,0.951543036696218,0.9255424007780646,0.02600063591815338,0.02
device: CPU vs T4,fuse_concat,bace,deepchem,0.7916666666666666,0.7831521739130434,0.00851449275362326,0.02
device: CPU vs T4,fuse_concat,bace,seed0,0.8063558582154705,0.7682905535184215,0.03806530469704905,0.02
device: CPU vs T4,fuse_concat,bace,seed1,0.8793511937306361,0.875888463641334,0.0034627300893020907,0.02
device: CPU vs T4,fuse_concat,bace,seed2,0.86995597945708,0.8921496698459281,0.02219369038884811,0.02
device: CPU vs T4,fuse_concat,bace,seed3,0.9002597402597402,0.9090909090909092,0.008831168831168967,0.02
device: CPU vs T4,fuse_concat,bace,seed4,0.7664069264069264,0.7669264069264069,0.0005194805194804752,0.02
device: CPU vs T4,fuse_concat,sider,deepchem,0.5537008718741186,0.5727900493405665,0.019089177466447893,0.02
device: CPU vs T4,fuse_concat,sider,seed0,0.5812852068386988,0.558591875908286,0.022693330930412814,0.02
device: CPU vs T4,fuse_concat,sider,seed1,0.5929367521305025,0.5641948721600859,0.02874187997041655,0.02
device: CPU vs T4,fuse_concat,sider,seed2,0.5691150300476294,0.5982239533963633,0.02910892334873383,0.02
device: CPU vs T4,fuse_concat,sider,seed3,0.5830626352736913,0.5521737855592085,0.030888849714482802,0.02
device: CPU vs T4,fuse_concat,sider,seed4,0.5469808189499837,0.529124529631897,0.017856289318086693,0.02
device: CPU vs T4,fuse_concat,esol,deepchem,0.8708409246643617,0.9027242033118696,0.03188327864750795,0.1
device: CPU vs T4,fuse_concat,esol,seed0,0.8614632900093431,0.7300891772604504,0.13137411274889266,0.1
device: CPU vs T4,fuse_concat,esol,seed1,0.8155844108075996,0.8690642641625113,0.05347985335491168,0.1
device: CPU vs T4,fuse_concat,esol,seed2,0.8426281468422265,0.775075298619507,0.06755284822271956,0.1
device: CPU vs T4,fuse_concat,esol,seed3,0.7600210455239887,0.7650752466432067,0.005054201119217949,0.1
device: CPU vs T4,fuse_concat,esol,seed4,1.0164518476913138,1.0673002509441432,0.050848403252829355,0.1
device: CPU vs T4,fuse_concat,lipophilicity,deepchem,0.7285544486401012,0.7354338066723973,0.006879358032296112,0.1
device: CPU vs T4,fuse_concat,lipophilicity,seed0,0.672191680340116,0.6999031297567317,0.02771144941661574,0.1
device: CPU vs T4,fuse_concat,lipophilicity,seed1,0.6607241923816194,0.6988329760254568,0.03810878364383741,0.1
device: CPU vs T4,fuse_concat,lipophilicity,seed2,0.7254095109945554,0.7078775083377957,0.017532002656759693,0.1
device: CPU vs T4,fuse_concat,lipophilicity,seed3,0.6885948971205778,0.6699007955251719,0.018694101595405854,0.1
device: CPU vs T4,fuse_concat,lipophilicity,seed4,0.6789373920411852,0.6829145269471274,0.003977134905942203,0.1
device: CPU vs T4,fuse_concat,freesolv,deepchem,2.142055688462839,2.349231217904732,0.20717552944189332,0.1
device: CPU vs T4,fuse_concat,freesolv,seed0,0.9322932450065068,1.0049828075720626,0.07268956256555581,0.1
device: CPU vs T4,fuse_concat,freesolv,seed1,0.9354960429614728,1.272741649120674,0.3372456061592012,0.1
device: CPU vs T4,fuse_concat,freesolv,seed2,0.9046029879422484,0.7741337679396059,0.1304692200026425,0.1
device: CPU vs T4,fuse_concat,freesolv,seed3,1.2981603516105058,1.315038080530316,0.016877728919810098,0.1
device: CPU vs T4,fuse_concat,freesolv,seed4,0.8433031067483773,0.8720595867476485,0.028756479999271223,0.1
device: CPU vs T4,fuse_xattn,tox21,deepchem,0.7548448023955259,0.7466200298656744,0.008224772529851432,0.02
device: CPU vs T4,fuse_xattn,tox21,seed0,0.7983862898641677,0.8282685421324741,0.02988225226830643,0.02
device: CPU vs T4,fuse_xattn,tox21,seed1,0.8265640460174244,0.8151722873929342,0.011391758624490156,0.02
device: CPU vs T4,fuse_xattn,tox21,seed2,0.7832922991809483,0.8043216322018661,0.021029333020917806,0.02
device: CPU vs T4,fuse_xattn,tox21,seed3,0.843648725362407,0.8457217702393264,0.0020730448769193943,0.02
device: CPU vs T4,fuse_xattn,tox21,seed4,0.8209378053109747,0.8307436569670691,0.009805851656094378,0.02
device: CPU vs T4,fuse_xattn,bbbp,deepchem,0.7499759129010503,0.7273340398882358,0.022641873012814506,0.02
device: CPU vs T4,fuse_xattn,bbbp,seed0,0.9132323733862958,0.8867924528301887,0.02643992055610711,0.02
device: CPU vs T4,fuse_xattn,bbbp,seed1,0.943047619047619,0.9411428571428572,0.0019047619047618536,0.02
device: CPU vs T4,fuse_xattn,bbbp,seed2,0.9536716041601008,0.9541443428931612,0.00047273873306041825,0.02
device: CPU vs T4,fuse_xattn,bbbp,seed3,0.9600301659125188,0.9626696832579186,0.0026395173453998,0.02
device: CPU vs T4,fuse_xattn,bbbp,seed4,0.9586619924043236,0.948729184925504,0.009932807478819639,0.02
device: CPU vs T4,fuse_xattn,clintox,deepchem,0.9899445660862616,0.9861719320196016,0.0037726340666599523,0.02
device: CPU vs T4,fuse_xattn,clintox,seed0,0.9562888198757764,0.9847826086956522,0.028493788819875743,0.02
device: CPU vs T4,fuse_xattn,clintox,seed1,0.9815217391304348,0.992391304347826,0.01086956521739113,0.02
device: CPU vs T4,fuse_xattn,clintox,seed2,1.0,0.9991319444444444,0.0008680555555555802,0.02
device: CPU vs T4,fuse_xattn,clintox,seed3,0.941880341880342,0.9213675213675214,0.02051282051282055,0.02
device: CPU vs T4,fuse_xattn,clintox,seed4,0.9379577675532114,0.9541250514345564,0.01616728388134503,0.02
device: CPU vs T4,fuse_xattn,bace,deepchem,0.8170289855072463,0.8123188405797103,0.004710144927536075,0.02
device: CPU vs T4,fuse_xattn,bace,seed0,0.78540247948315,0.7567661952156451,0.028636284267504863,0.02
device: CPU vs T4,fuse_xattn,bace,seed1,0.8727902314561691,0.8777109531620193,0.004920721705850228,0.02
device: CPU vs T4,fuse_xattn,bace,seed2,0.9038884812912692,0.8664710198092442,0.03741746148202496,0.02
device: CPU vs T4,fuse_xattn,bace,seed3,0.9129004329004328,0.9094372294372294,0.0034632034632033903,0.02
device: CPU vs T4,fuse_xattn,bace,seed4,0.8124675324675324,0.7767965367965368,0.03567099567099563,0.02
device: CPU vs T4,fuse_xattn,sider,deepchem,0.5970706088783552,0.5539395408404215,0.04313106803793365,0.02
device: CPU vs T4,fuse_xattn,sider,seed0,0.5693959088306967,0.5482037545240658,0.021192154306630906,0.02
device: CPU vs T4,fuse_xattn,sider,seed1,0.5781174435107445,0.5637022566369494,0.01441518687379506,0.02
device: CPU vs T4,fuse_xattn,sider,seed2,0.6413897655243235,0.5937528036325884,0.04763696189173505,0.02
device: CPU vs T4,fuse_xattn,sider,seed3,0.5713140033598754,0.6030480747070924,0.03173407134721706,0.02
device: CPU vs T4,fuse_xattn,sider,seed4,0.5978437323282562,0.5816594220166506,0.01618431031160561,0.02
device: CPU vs T4,fuse_xattn,esol,deepchem,0.8705162447954008,0.8354036851262554,0.03511255966914539,0.1
device: CPU vs T4,fuse_xattn,esol,seed0,0.902295640815501,0.8158348210733541,0.08646081974214681,0.1
device: CPU vs T4,fuse_xattn,esol,seed1,0.8529299089148644,0.8710279836478023,0.018098074732937897,0.1
device: CPU vs T4,fuse_xattn,esol,seed2,0.7142919599134948,0.7936355481355858,0.07934358822209098,0.1
device: CPU vs T4,fuse_xattn,esol,seed3,0.8445719818345729,0.7276436136335928,0.11692836820098018,0.1
device: CPU vs T4,fuse_xattn,esol,seed4,0.9355008932356164,0.8762084236819343,0.05929246955368206,0.1
device: CPU vs T4,fuse_xattn,lipophilicity,deepchem,0.719585137234137,0.7313044435153363,0.011719306281199326,0.1
device: CPU vs T4,fuse_xattn,lipophilicity,seed0,0.750556578381197,0.7105522833880334,0.0400042949931636,0.1
device: CPU vs T4,fuse_xattn,lipophilicity,seed1,0.6928418459126093,0.6552747401346861,0.037567105777923215,0.1
device: CPU vs T4,fuse_xattn,lipophilicity,seed2,0.7055890100474472,0.6955222497516408,0.010066760295806443,0.1
device: CPU vs T4,fuse_xattn,lipophilicity,seed3,0.7153611441817095,0.7147858155593791,0.00057532862233034,0.1
device: CPU vs T4,fuse_xattn,lipophilicity,seed4,0.7081028186993558,0.7038637204403765,0.004239098258979279,0.1
device: CPU vs T4,fuse_xattn,freesolv,deepchem,2.168538782959428,2.1610215441485114,0.007517238810916371,0.1
device: CPU vs T4,fuse_xattn,freesolv,seed0,0.9631137096804816,0.9440667329837822,0.019046976696699414,0.1
device: CPU vs T4,fuse_xattn,freesolv,seed1,1.0317949710380248,1.2210329548922685,0.18923798385424373,0.1
device: CPU vs T4,fuse_xattn,freesolv,seed2,0.7099090593768498,0.6907032019183147,0.01920585745853509,0.1
device: CPU vs T4,fuse_xattn,freesolv,seed3,1.2199331009435614,1.228819671709996,0.00888657076643451,0.1
device: CPU vs T4,fuse_xattn,freesolv,seed4,0.7848333022778958,0.6607984513107866,0.1240348509671092,0.1
device: CPU vs T4,fuse_bilinear,tox21,deepchem,0.7602946884378166,0.7485390940669198,0.011755594370896794,0.02
device: CPU vs T4,fuse_bilinear,tox21,seed0,0.8395662649975156,0.8284899623319437,0.011076302665571913,0.02
device: CPU vs T4,fuse_bilinear,tox21,seed1,0.8291013143007802,0.8228473909042346,0.006253923396545513,0.02
device: CPU vs T4,fuse_bilinear,tox21,seed2,0.7860999787074654,0.8014570037152159,0.015357025007750491,0.02
device: CPU vs T4,fuse_bilinear,tox21,seed3,0.8376096819089064,0.8342831059838972,0.0033265759250091786,0.02
device: CPU vs T4,fuse_bilinear,tox21,seed4,0.840981117546349,0.84223291778437,0.0012518002380210724,0.02
device: CPU vs T4,fuse_bilinear,bbbp,deepchem,0.7618267655843529,0.7427497832161094,0.01907698236824351,0.02
device: CPU vs T4,fuse_bilinear,bbbp,seed0,0.9150943396226416,0.9213008937437934,0.006206554121151786,0.02
device: CPU vs T4,fuse_bilinear,bbbp,seed1,0.944952380952381,0.9514285714285716,0.006476190476190635,0.02
device: CPU vs T4,fuse_bilinear,bbbp,seed2,0.9519382288055468,0.952410967538607,0.0004727387330601962,0.02
device: CPU vs T4,fuse_bilinear,bbbp,seed3,0.9708396178984416,0.9675716440422322,0.003267973856209472,0.02
device: CPU vs T4,fuse_bilinear,bbbp,seed4,0.9653812445223487,0.9544259421560036,0.010955302366345121,0.02
device: CPU vs T4,fuse_bilinear,clintox,deepchem,0.9294477461509052,0.8981797170958885,0.03126802905501669,0.02
device: CPU vs T4,fuse_bilinear,clintox,seed0,0.9760869565217392,0.9851449275362318,0.009057971014492683,0.02
device: CPU vs T4,fuse_bilinear,clintox,seed1,0.9963768115942028,0.997463768115942,0.0010869565217391797,0.02
device: CPU vs T4,fuse_bilinear,clintox,seed2,1.0,1.0,0.0,0.02
device: CPU vs T4,fuse_bilinear,clintox,seed3,0.9532763532763532,0.9592592592592591,0.005982905982905962,0.02
device: CPU vs T4,fuse_bilinear,clintox,seed4,0.9246913926607564,0.9758809336774772,0.051189541016720796,0.02
device: CPU vs T4,fuse_bilinear,bace,deepchem,0.8157608695652173,0.784963768115942,0.030797101449275277,0.02
device: CPU vs T4,fuse_bilinear,bace,seed0,0.7806879692683779,0.7717827833071417,0.00890518596123624,0.02
device: CPU vs T4,fuse_bilinear,bace,seed1,0.8857299070530344,0.867505011846182,0.018224895206852443,0.02
device: CPU vs T4,fuse_bilinear,bace,seed2,0.8928833455612619,0.911041819515774,0.01815847395451209,0.02
device: CPU vs T4,fuse_bilinear,bace,seed3,0.9090909090909092,0.9305627705627706,0.02147186147186142,0.02
device: CPU vs T4,fuse_bilinear,bace,seed4,0.7880519480519481,0.763982683982684,0.02406926406926413,0.02
device: CPU vs T4,fuse_bilinear,sider,deepchem,0.5868255011784405,0.588533528504049,0.0017080273256085965,0.02
device: CPU vs T4,fuse_bilinear,sider,seed0,0.5601245420395171,0.6190357662536973,0.05891122421418016,0.02
device: CPU vs T4,fuse_bilinear,sider,seed1,0.5931332325537357,0.6232879997416317,0.030154767187896003,0.02
device: CPU vs T4,fuse_bilinear,sider,seed2,0.6572456215644038,0.6400744101382063,0.017171211426197486,0.02
device: CPU vs T4,fuse_bilinear,sider,seed3,0.6232900612236099,0.6388638278393548,0.015573766615744944,0.02
device: CPU vs T4,fuse_bilinear,sider,seed4,0.6450115452493479,0.6460059273514362,0.0009943821020883536,0.02
device: CPU vs T4,fuse_bilinear,esol,deepchem,0.8356608312285967,0.8247774477553703,0.010883383473226371,0.1
device: CPU vs T4,fuse_bilinear,esol,seed0,0.9261164534948908,0.8690325871810862,0.05708386631380458,0.1
device: CPU vs T4,fuse_bilinear,esol,seed1,0.9234984194654792,0.9812709406324692,0.057772521166990054,0.1
device: CPU vs T4,fuse_bilinear,esol,seed2,0.7508980981545346,0.7402265453456068,0.010671552808927731,0.1
device: CPU vs T4,fuse_bilinear,esol,seed3,0.6690294043541878,0.6635886207942213,0.005440783559966467,0.1
device: CPU vs T4,fuse_bilinear,esol,seed4,0.8646466851836834,0.8880733031246533,0.023426617940969896,0.1
device: CPU vs T4,fuse_bilinear,lipophilicity,deepchem,0.7317998631102425,0.773121135511369,0.041321272401126485,0.1
device: CPU vs T4,fuse_bilinear,lipophilicity,seed0,0.6581390368975862,0.6868765002134196,0.028737463315833378,0.1
device: CPU vs T4,fuse_bilinear,lipophilicity,seed1,0.6756804115480853,0.6808118229716925,0.0051314114236071795,0.1
device: CPU vs T4,fuse_bilinear,lipophilicity,seed2,0.7232408326271415,0.7155508324122893,0.007690000214852111,0.1
device: CPU vs T4,fuse_bilinear,lipophilicity,seed3,0.6847701128946573,0.6835467879594231,0.001223324935234138,0.1
device: CPU vs T4,fuse_bilinear,lipophilicity,seed4,0.6788164436078661,0.6889487895086203,0.01013234590075418,0.1
device: CPU vs T4,fuse_bilinear,freesolv,deepchem,2.015009634255549,2.0156002918327105,0.0005906575771614797,0.1
device: CPU vs T4,fuse_bilinear,freesolv,seed0,1.0980811299571096,0.966702594503186,0.13137853545392364,0.1
device: CPU vs T4,fuse_bilinear,freesolv,seed1,1.4095705636830198,1.0519987252036471,0.3575718384793727,0.1
device: CPU vs T4,fuse_bilinear,freesolv,seed2,0.8168474622245148,0.7249135842940472,0.09193387793046759,0.1
device: CPU vs T4,fuse_bilinear,freesolv,seed3,1.189985349329113,1.3165639529617004,0.12657860363258733,0.1
device: CPU vs T4,fuse_bilinear,freesolv,seed4,0.6717045975924975,0.8176464162031069,0.1459418186106094,0.1
device: CPU vs T4,fuse_proposed,tox21,deepchem,0.7410048537348222,0.73749987394764,0.0035049797871821164,0.02
device: CPU vs T4,fuse_proposed,tox21,seed0,0.8074095161090827,0.8281110939770678,0.0207015778679851,0.02
device: CPU vs T4,fuse_proposed,tox21,seed1,0.8277159326434317,0.819368118003772,0.008347814639659723,0.02
device: CPU vs T4,fuse_proposed,tox21,seed2,0.8072477590899144,0.7953069500721734,0.011940809017740972,0.02
device: CPU vs T4,fuse_proposed,tox21,seed3,0.8422663770743611,0.8441773635886344,0.0019109865142732385,0.02
device: CPU vs T4,fuse_proposed,tox21,seed4,0.8392987011108098,0.8418754174062165,0.002576716295406678,0.02
device: CPU vs T4,fuse_proposed,bbbp,deepchem,0.7596107524809712,0.7523846227960304,0.007226129684940852,0.02
device: CPU vs T4,fuse_proposed,bbbp,seed0,0.9116186693147964,0.8995779543197616,0.012040714995034785,0.02
device: CPU vs T4,fuse_proposed,bbbp,seed1,0.9603809523809524,0.9582857142857144,0.002095238095238039,0.02
device: CPU vs T4,fuse_proposed,bbbp,seed2,0.9670658682634732,0.9478411597856916,0.01922470847778157,0.02
device: CPU vs T4,fuse_proposed,bbbp,seed3,0.9659376571141276,0.9689542483660132,0.003016591251885581,0.02
device: CPU vs T4,fuse_proposed,bbbp,seed4,0.9611451942740288,0.9653812445223487,0.004236050248319967,0.02
device: CPU vs T4,fuse_proposed,clintox,deepchem,0.9869339311159768,0.9803635352587496,0.006570395857227185,0.02
device: CPU vs T4,fuse_proposed,clintox,seed0,0.9845561594202898,0.9489130434782608,0.03564311594202907,0.02
device: CPU vs T4,fuse_proposed,clintox,seed1,0.9590579710144927,0.9880434782608696,0.02898550724637683,0.02
device: CPU vs T4,fuse_proposed,clintox,seed2,1.0,1.0,0.0,0.02
device: CPU vs T4,fuse_proposed,clintox,seed3,0.9452991452991452,0.9623931623931624,0.017094017094017255,0.02
device: CPU vs T4,fuse_proposed,clintox,seed4,0.9509978303968878,0.9638312198406463,0.012833389443758558,0.02
device: CPU vs T4,fuse_proposed,bace,deepchem,0.811231884057971,0.791304347826087,0.019927536231883924,0.02
device: CPU vs T4,fuse_proposed,bace,seed0,0.7908154356556661,0.7766719050113498,0.014143530644316393,0.02
device: CPU vs T4,fuse_proposed,bace,seed1,0.8935666119919812,0.8942956078002551,0.0007289958082739023,0.02
device: CPU vs T4,fuse_proposed,bace,seed2,0.8934336023477623,0.9081071166544388,0.014673514306676516,0.02
device: CPU vs T4,fuse_proposed,bace,seed3,0.915151515151515,0.904069264069264,0.011082251082251027,0.02
device: CPU vs T4,fuse_proposed,bace,seed4,0.7934199134199134,0.7934199134199134,0.0,0.02
device: CPU vs T4,fuse_proposed,sider,deepchem,0.6141611960109704,0.6042742671331621,0.009886928877808288,0.02
device: CPU vs T4,fuse_proposed,sider,seed0,0.6430424270633975,0.6159721106476811,0.027070316415716444,0.02
device: CPU vs T4,fuse_proposed,sider,seed1,0.6247913962677109,0.6044230261429901,0.020368370124720703,0.02
device: CPU vs T4,fuse_proposed,sider,seed2,0.6476870183142538,0.6418207552233721,0.005866263090881674,0.02
device: CPU vs T4,fuse_proposed,sider,seed3,0.6326514155822409,0.6144860235003661,0.018165392081874843,0.02
device: CPU vs T4,fuse_proposed,sider,seed4,0.6420242040221757,0.6452717981926737,0.003247594170497914,0.02
device: CPU vs T4,fuse_proposed,esol,deepchem,0.8720270837077997,0.809046339954292,0.0629807437535077,0.1
device: CPU vs T4,fuse_proposed,esol,seed0,0.8061553743490892,0.8329562573311935,0.026800882982104257,0.1
device: CPU vs T4,fuse_proposed,esol,seed1,0.8369767745597664,0.8855332031743424,0.048556428614575986,0.1
device: CPU vs T4,fuse_proposed,esol,seed2,0.7262910872425017,0.7686436609171206,0.042352573674618865,0.1
device: CPU vs T4,fuse_proposed,esol,seed3,0.6730135820205876,0.756943090034005,0.08392950801341736,0.1
device: CPU vs T4,fuse_proposed,esol,seed4,0.8736742694660329,0.8070683690627077,0.06660590040332515,0.1
device: CPU vs T4,fuse_proposed,lipophilicity,deepchem,0.7085877031702383,0.7200440021268255,0.011456298956587174,0.1
device: CPU vs T4,fuse_proposed,lipophilicity,seed0,0.6600067849605811,0.6989239477697615,0.03891716280918045,0.1
device: CPU vs T4,fuse_proposed,lipophilicity,seed1,0.6815234795290656,0.662984455607477,0.01853902392158857,0.1
device: CPU vs T4,fuse_proposed,lipophilicity,seed2,0.7351760465455754,0.7224456981275221,0.012730348418053317,0.1
device: CPU vs T4,fuse_proposed,lipophilicity,seed3,0.6900158398694575,0.6867977596197185,0.0032180802497390193,0.1
device: CPU vs T4,fuse_proposed,lipophilicity,seed4,0.6766623194471484,0.6691687999614492,0.007493519485699207,0.1
device: CPU vs T4,fuse_proposed,freesolv,deepchem,1.896624723880868,1.870527244465374,0.026097479415494007,0.1
device: CPU vs T4,fuse_proposed,freesolv,seed0,0.9880731770798888,1.0108399421762009,0.022766765096312036,0.1
device: CPU vs T4,fuse_proposed,freesolv,seed1,1.0291708002329696,1.3584293825973677,0.3292585823643981,0.1
device: CPU vs T4,fuse_proposed,freesolv,seed2,0.6954258223287421,0.7950199816651687,0.09959415933642668,0.1
device: CPU vs T4,fuse_proposed,freesolv,seed3,1.2583389584035325,1.1887491257063545,0.069589832697178,0.1
device: CPU vs T4,fuse_proposed,freesolv,seed4,0.8084335382246698,0.7446148991256996,0.06381863909897023,0.1
"seed: 42 vs 43, same CPU",desc,tox21,deepchem,0.7567074839141498,0.7343399988087788,0.02236748510537101,0.02
"seed: 42 vs 43, same CPU",desc,tox21,seed0,0.8394685074553722,0.8400117308190457,0.0005432233636735173,0.02
"seed: 42 vs 43, same CPU",desc,tox21,seed1,0.8263486767723505,0.8205732510297072,0.005775425742643225,0.02
"seed: 42 vs 43, same CPU",desc,tox21,seed2,0.8149321316648585,0.7947227805888405,0.020209351076017956,0.02
"seed: 42 vs 43, same CPU",desc,tox21,seed3,0.8134710130613786,0.8359659557619495,0.022494942700570952,0.02
"seed: 42 vs 43, same CPU",desc,tox21,seed4,0.846583414531468,0.8394847043251589,0.0070987102063091445,0.02
"seed: 42 vs 43, same CPU",desc,bbbp,deepchem,0.7150977936217362,0.7510357452548415,0.035937951633105314,0.02
"seed: 42 vs 43, same CPU",desc,bbbp,seed0,0.8792204568023835,0.8772343594836147,0.0019860973187687536,0.02
"seed: 42 vs 43, same CPU",desc,bbbp,seed1,0.8909523809523809,0.8966666666666667,0.005714285714285783,0.02
"seed: 42 vs 43, same CPU",desc,bbbp,seed2,0.9036400882445634,0.8910337220296249,0.012606366214938491,0.02
"seed: 42 vs 43, same CPU",desc,bbbp,seed3,0.9116390145801913,0.9331322272498744,0.02149321266968318,0.02
"seed: 42 vs 43, same CPU",desc,bbbp,seed4,0.9499707858603564,0.9457347356120362,0.004236050248320189,0.02
"seed: 42 vs 43, same CPU",desc,clintox,deepchem,0.8672740068814514,0.835957321099642,0.03131668578180935,0.02
"seed: 42 vs 43, same CPU",desc,clintox,seed0,0.9194099378881988,0.9164272774327122,0.0029826604554865632,0.02
"seed: 42 vs 43, same CPU",desc,clintox,seed1,0.797463768115942,0.7898550724637681,0.007608695652173925,0.02
"seed: 42 vs 43, same CPU",desc,clintox,seed2,0.9670138888888888,0.9661458333333334,0.0008680555555554692,0.02
"seed: 42 vs 43, same CPU",desc,clintox,seed3,0.8282051282051281,0.7743589743589744,0.053846153846153766,0.02
"seed: 42 vs 43, same CPU",desc,clintox,seed4,0.6932139116447836,0.7136530692402648,0.020439157595481205,0.02
"seed: 42 vs 43, same CPU",desc,bace,deepchem,0.8259057971014492,0.8010869565217392,0.024818840579709955,0.02
"seed: 42 vs 43, same CPU",desc,bace,seed0,0.7999825388510564,0.7884581805482801,0.011524358302776316,0.02
"seed: 42 vs 43, same CPU",desc,bace,seed1,0.8742482230727173,0.8826316748678695,0.008383451795152208,0.02
"seed: 42 vs 43, same CPU",desc,bace,seed2,0.8906823184152605,0.9187454145267792,0.028063096111518693,0.02
"seed: 42 vs 43, same CPU",desc,bace,seed3,0.8972294372294373,0.906060606060606,0.008831168831168745,0.02
"seed: 42 vs 43, same CPU",desc,bace,seed4,0.7795670995670996,0.7658874458874458,0.013679653679653736,0.02
"seed: 42 vs 43, same CPU",desc,sider,deepchem,0.6132745041493017,0.6239274485035057,0.010652944354203941,0.02
"seed: 42 vs 43, same CPU",desc,sider,seed0,0.6278134725462324,0.5961983154002221,0.031615157146010375,0.02
"seed: 42 vs 43, same CPU",desc,sider,seed1,0.6183402741947239,0.6227270203789038,0.0043867461841798905,0.02
"seed: 42 vs 43, same CPU",desc,sider,seed2,0.6839699734214856,0.6821176394822739,0.0018523339392116922,0.02
"seed: 42 vs 43, same CPU",desc,sider,seed3,0.6547007383979944,0.6419432597202556,0.012757478677738798,0.02
"seed: 42 vs 43, same CPU",desc,sider,seed4,0.6175370469612252,0.6069301652981409,0.010606881663084322,0.02
"seed: 42 vs 43, same CPU",desc,esol,deepchem,0.7818566568623961,0.8058400145702885,0.023983357707892394,0.1
"seed: 42 vs 43, same CPU",desc,esol,seed0,0.6927672596706168,0.8881376598514091,0.19537040018079233,0.1
"seed: 42 vs 43, same CPU",desc,esol,seed1,0.8630498244113614,0.8994967500551662,0.036446925643804806,0.1
"seed: 42 vs 43, same CPU",desc,esol,seed2,0.7454682175483134,0.7131124011088505,0.03235581643946284,0.1
"seed: 42 vs 43, same CPU",desc,esol,seed3,0.640787063518415,0.6851615713498963,0.044374507831481336,0.1
"seed: 42 vs 43, same CPU",desc,esol,seed4,0.9173063100779636,0.7800324076023057,0.13727390247565785,0.1
"seed: 42 vs 43, same CPU",desc,lipophilicity,deepchem,0.7191284385439592,0.718208503029327,0.0009199355146322086,0.1
"seed: 42 vs 43, same CPU",desc,lipophilicity,seed0,0.6727362648586497,0.6756365030418063,0.002900238183156656,0.1
"seed: 42 vs 43, same CPU",desc,lipophilicity,seed1,0.6776769175896437,0.6685920689636481,0.009084848625995567,0.1
"seed: 42 vs 43, same CPU",desc,lipophilicity,seed2,0.6666409194925487,0.7154240040144034,0.04878308452185476,0.1
"seed: 42 vs 43, same CPU",desc,lipophilicity,seed3,0.6960466538409448,0.6983569430925893,0.0023102892516445594,0.1
"seed: 42 vs 43, same CPU",desc,lipophilicity,seed4,0.6713712653161995,0.6946609268474357,0.02328966153123624,0.1
"seed: 42 vs 43, same CPU",desc,freesolv,deepchem,2.0593203711846817,1.9321583866778809,0.12716198450680083,0.1
"seed: 42 vs 43, same CPU",desc,freesolv,seed0,1.1720763277547084,1.0536387031182814,0.11843762463642693,0.1
"seed: 42 vs 43, same CPU",desc,freesolv,seed1,0.8658802449327094,1.15358578473883,0.28770553980612057,0.1
"seed: 42 vs 43, same CPU",desc,freesolv,seed2,0.7463318963443811,0.6747858702311929,0.07154602611318828,0.1
"seed: 42 vs 43, same CPU",desc,freesolv,seed3,1.2039791857414213,1.221061949031345,0.017082763289923752,0.1
"seed: 42 vs 43, same CPU",desc,freesolv,seed4,0.8634396869528957,0.7527489560718195,0.11069073088107628,0.1
"seed: 42 vs 43, same CPU",fuse_gated_nograph,tox21,deepchem,0.763443832621212,0.7413390910650852,0.02210474155612674,0.02
"seed: 42 vs 43, same CPU",fuse_gated_nograph,tox21,seed0,0.8189322237817881,0.8416226822915723,0.02269045850978424,0.02
"seed: 42 vs 43, same CPU",fuse_gated_nograph,tox21,seed1,0.8072249231551826,0.8242034948885326,0.016978571733350045,0.02
"seed: 42 vs 43, same CPU",fuse_gated_nograph,tox21,seed2,0.782529566080913,0.7857980747065278,0.0032685086256148965,0.02
"seed: 42 vs 43, same CPU",fuse_gated_nograph,tox21,seed3,0.8478039455969887,0.8416854560293995,0.006118489567589203,0.02
"seed: 42 vs 43, same CPU",fuse_gated_nograph,tox21,seed4,0.84905812823393,0.8486413804198297,0.0004167478141002823,0.02
"seed: 42 vs 43, same CPU",fuse_gated_nograph,bbbp,deepchem,0.733885730802582,0.7504576548800462,0.016571924077464217,0.02
"seed: 42 vs 43, same CPU",fuse_gated_nograph,bbbp,seed0,0.9185700099304864,0.920059582919563,0.001489572989076593,0.02
"seed: 42 vs 43, same CPU",fuse_gated_nograph,bbbp,seed1,0.9655238095238096,0.96,0.0055238095238095974,0.02
"seed: 42 vs 43, same CPU",fuse_gated_nograph,bbbp,seed2,0.9467381027418846,0.9478411597856918,0.0011030570438071985,0.02
"seed: 42 vs 43, same CPU",fuse_gated_nograph,bbbp,seed3,0.9683257918552036,0.9570135746606336,0.011312217194569985,0.02
"seed: 42 vs 43, same CPU",fuse_gated_nograph,bbbp,seed4,0.958077709611452,0.9547180835524394,0.0033596260590126326,0.02
"seed: 42 vs 43, same CPU",fuse_gated_nograph,clintox,deepchem,0.9818875334514996,0.9773902617036806,0.004497271747818998,0.02
"seed: 42 vs 43, same CPU",fuse_gated_nograph,clintox,seed0,0.9809912008281574,0.9778985507246376,0.0030926501035197784,0.02
"seed: 42 vs 43, same CPU",fuse_gated_nograph,clintox,seed1,0.9804347826086957,0.9797101449275364,0.0007246376811592681,0.02
"seed: 42 vs 43, same CPU",fuse_gated_nograph,clintox,seed2,0.9982638888888888,1.0,0.0017361111111111605,0.02
"seed: 42 vs 43, same CPU",fuse_gated_nograph,clintox,seed3,0.9717948717948718,0.970940170940171,0.0008547008547007406,0.02
"seed: 42 vs 43, same CPU",fuse_gated_nograph,clintox,seed4,0.9859733288444992,0.9650207608573672,0.020952567987131965,0.02
"seed: 42 vs 43, same CPU",fuse_gated_nograph,bace,deepchem,0.8356884057971015,0.7972826086956523,0.0384057971014492,0.02
"seed: 42 vs 43, same CPU",fuse_gated_nograph,bace,seed0,0.7847040335254061,0.7957045573598743,0.011000523834468257,0.02
"seed: 42 vs 43, same CPU",fuse_gated_nograph,bace,seed1,0.8720612356478951,0.8578458173865501,0.014215418261344981,0.02
"seed: 42 vs 43, same CPU",fuse_gated_nograph,bace,seed2,0.9137931034482758,0.9148936170212766,0.0011005135730007831,0.02
"seed: 42 vs 43, same CPU",fuse_gated_nograph,bace,seed3,0.90995670995671,0.9205194805194806,0.010562770562770663,0.02
"seed: 42 vs 43, same CPU",fuse_gated_nograph,bace,seed4,0.7601731601731601,0.805021645021645,0.044848484848484915,0.02
"seed: 42 vs 43, same CPU",fuse_gated_nograph,sider,deepchem,0.615673248090088,0.6018282342166805,0.01384501387340753,0.02
"seed: 42 vs 43, same CPU",fuse_gated_nograph,sider,seed0,0.5738969731163798,0.6124949234577726,0.038597950341392795,0.02
"seed: 42 vs 43, same CPU",fuse_gated_nograph,sider,seed1,0.6219507587251959,0.6050681650015917,0.016882593723604233,0.02
"seed: 42 vs 43, same CPU",fuse_gated_nograph,sider,seed2,0.6745301439060136,0.6658385665536896,0.008691577352324065,0.02
"seed: 42 vs 43, same CPU",fuse_gated_nograph,sider,seed3,0.6346426067471939,0.6477481820326121,0.013105575285418225,0.02
"seed: 42 vs 43, same CPU",fuse_gated_nograph,sider,seed4,0.6172587138900412,0.6060918870531042,0.011166826836936927,0.02
"seed: 42 vs 43, same CPU",fuse_gated_nograph,esol,deepchem,0.7780677848644997,0.8361214480656574,0.05805366320115768,0.1
"seed: 42 vs 43, same CPU",fuse_gated_nograph,esol,seed0,1.1795721478302583,1.014072714042431,0.16549943378782728,0.1
"seed: 42 vs 43, same CPU",fuse_gated_nograph,esol,seed1,0.8405730389589305,0.9039003077609212,0.06332726880199069,0.1
"seed: 42 vs 43, same CPU",fuse_gated_nograph,esol,seed2,0.7277402155097228,0.7067179847951429,0.02102223071457987,0.1
"seed: 42 vs 43, same CPU",fuse_gated_nograph,esol,seed3,0.7212810494599501,0.6862868032870119,0.034994246172938226,0.1
"seed: 42 vs 43, same CPU",fuse_gated_nograph,esol,seed4,0.8661159456376271,0.8259558707675754,0.04016007487005169,0.1
"seed: 42 vs 43, same CPU",fuse_gated_nograph,lipophilicity,deepchem,0.7205451265439604,0.7398734462276734,0.019328319683712958,0.1
"seed: 42 vs 43, same CPU",fuse_gated_nograph,lipophilicity,seed0,0.6708656086091682,0.690335962612019,0.019470354002850798,0.1
"seed: 42 vs 43, same CPU",fuse_gated_nograph,lipophilicity,seed1,0.6722647727777427,0.6761767558495123,0.0039119830717696535,0.1
"seed: 42 vs 43, same CPU",fuse_gated_nograph,lipophilicity,seed2,0.7112312732277313,0.6870689285696053,0.024162344658125945,0.1
"seed: 42 vs 43, same CPU",fuse_gated_nograph,lipophilicity,seed3,0.6801361008666837,0.6890816276999806,0.008945526833296857,0.1
"seed: 42 vs 43, same CPU",fuse_gated_nograph,lipophilicity,seed4,0.67512295302665,0.6664613713857505,0.008661581640899585,0.1
"seed: 42 vs 43, same CPU",fuse_gated_nograph,freesolv,deepchem,2.0094649332107664,2.044894626280994,0.035429693070227586,0.1
"seed: 42 vs 43, same CPU",fuse_gated_nograph,freesolv,seed0,1.175250418060507,1.0734815227756531,0.10176889528485389,0.1
"seed: 42 vs 43, same CPU",fuse_gated_nograph,freesolv,seed1,0.8784924693915328,0.881954738775433,0.0034622693839001517,0.1
"seed: 42 vs 43, same CPU",fuse_gated_nograph,freesolv,seed2,0.7415670708804037,0.7248713439009671,0.016695726979436665,0.1
"seed: 42 vs 43, same CPU",fuse_gated_nograph,freesolv,seed3,1.2844259473993018,1.2516406634710553,0.032785283928246534,0.1
"seed: 42 vs 43, same CPU",fuse_gated_nograph,freesolv,seed4,0.8219743707470488,0.8023474468644115,0.019626923882637315,0.1
